ID, Name, PhotoUrl
827898446,Lester Prescott,https://randomuser.me/api/portraits/men/19.jpg
359032896,Brandy Mills,https://randomuser.me/api/portraits/women/61.jpg
531555028,Lesa Barnes,https://randomuser.me/api/portraits/women/34.jpg
106495836,Constance Roberts,https://randomuser.me/api/portraits/women/64.jpg
859293152,Sophia Rice,https://randomuser.me/api/portraits/women/24.jpg
460052985,Jerome Brewer,https://randomuser.me/api/portraits/men/7.jpg
317779178,Loretta Curtis,https://randomuser.me/api/portraits/women/6.jpg
943446026,Max Hughes,https://randomuser.me/api/portraits/men/30.jpg
469343313,Kenzi Diaz,https://randomuser.me/api/portraits/women/42.jpg
403652517,Lee Dean,https://randomuser.me/api/portraits/men/20.jpg
